Date,Open,High,Low,Close,Volume
2021-07-27,14.05,14.05,13.45,14.05,277005
2021-07-28,14.8,14.8,13.95,14.15,526956
2021-07-29,14.6,14.75,14.15,14.25,312237
2021-07-30,14.6,14.95,14.45,14.95,524928
2021-08-02,15.65,15.65,15.6,15.65,63463
2021-08-03,16.45,16.45,16.45,16.45,33877
2021-08-04,17.25,17.25,17.25,17.25,5959
2021-08-05,18.15,18.15,16.45,16.5,748442
2021-08-06,17.0,17.2,16.55,16.75,101474
2021-08-09,17.15,17.25,16.0,16.15,109901
2021-08-10,16.45,16.45,15.35,15.35,61555
2021-08-11,14.55,14.85,14.55,14.55,167371
2021-08-12,14.8,14.95,13.85,14.35,248251
2021-08-13,14.75,15.0,13.6,15.0,148169
2021-08-16,15.8,15.8,15.55,15.8,64416
2021-08-17,16.35,16.35,15.0,15.0,131676
2021-08-18,15.0,15.0,14.25,14.35,39850
2021-08-20,13.8,14.7,13.8,14.35,43703
2021-08-23,14.35,15.0,13.6,13.6,48368
2021-08-24,13.65,14.2,12.95,13.65,88571
2021-08-25,13.8,14.35,13.8,14.15,65266
2021-08-26,14.65,14.85,14.15,14.65,105917
2021-08-27,14.8,14.85,14.2,14.35,22863
2021-08-30,14.75,15.0,14.4,15.0,61869
2021-08-31,15.35,15.7,15.05,15.2,53281
2021-09-01,15.7,15.7,14.6,14.65,34746
2021-09-02,14.85,14.85,14.05,14.1,46166
2021-09-03,14.35,14.5,13.65,13.8,42147
2021-09-06,14.15,14.15,13.35,13.7,43854
2021-09-07,13.85,14.0,13.35,13.45,53495
2021-09-08,13.65,13.65,13.35,13.55,28141
2021-09-09,13.75,13.85,13.35,13.35,43031
2021-09-13,13.35,13.55,13.25,13.3,29999
2021-09-14,13.35,13.95,13.35,13.95,86839
2021-09-15,14.55,14.65,14.25,14.65,61691
2021-09-16,15.35,15.35,15.0,15.35,195433
2021-09-17,15.45,15.65,14.7,15.0,133542
2021-09-20,15.2,15.65,15.0,15.25,122238
2021-09-21,15.55,15.55,14.45,14.55,83267
2021-09-22,15.0,15.0,13.95,14.05,68667
2021-09-23,14.6,14.8,14.15,14.8,67085
2021-09-24,14.95,15.25,14.45,14.75,37453
2021-09-27,15.0,15.0,14.05,14.6,32213
2021-09-28,14.6,15.0,14.45,14.65,24242
2021-09-29,15.0,15.4,14.2,14.55,33341
2021-09-30,14.6,14.95,14.0,14.15,41897
2021-10-01,14.15,14.55,13.95,14.25,11245
2021-10-04,15.0,15.0,14.65,15.0,25818
2021-10-05,15.2,15.55,14.55,14.8,55559
2021-10-06,15.0,15.0,14.2,14.35,37322
2021-10-07,14.85,14.85,14.15,14.35,25092
2021-10-08,15.65,15.65,15.15,15.2,133745
2021-10-11,15.45,16.75,15.45,16.15,211739
2021-10-12,16.35,16.35,15.15,15.6,89586
2021-10-13,15.55,16.35,15.45,16.0,81962
2021-10-14,16.0,16.35,15.7,15.8,32962
2021-10-18,16.2,16.4,15.65,15.65,48903
2021-10-19,15.75,16.05,14.55,14.8,61196
2021-10-20,14.35,15.0,14.2,14.75,30978
2021-10-21,15.0,15.05,14.45,14.85,16311
2021-10-22,13.45,15.0,13.45,14.65,13101
2021-10-25,15.45,15.5,14.45,15.0,38470
2021-10-26,15.2,16.5,15.2,16.5,117147
2021-10-27,16.35,18.15,16.25,18.15,215029
2021-10-28,19.75,19.75,18.45,18.85,191409
2021-10-29,18.75,19.05,17.95,17.95,160472
2021-11-01,17.65,18.85,17.65,18.85,57973
2021-11-02,19.15,19.75,19.1,19.75,112976
2021-11-03,20.45,20.75,20.15,20.75,46075
2021-11-04,21.75,21.75,21.15,21.55,56979
2021-11-08,22.4,22.55,20.6,21.05,132852
2021-11-09,20.55,22.05,20.45,22.05,67159
2021-11-10,23.1,23.2,22.4,23.2,217960
2021-11-11,24.05,24.05,22.1,22.25,155335
2021-11-12,22.35,22.75,21.45,21.85,72046
2021-11-15,22.65,23.0,21.65,23.0,47944
2021-11-16,23.85,24.15,23.45,23.75,143939
2021-11-17,24.1,24.45,22.75,22.95,103792
2021-11-18,22.85,23.65,22.35,23.35,66096
2021-11-22,23.65,23.65,22.45,22.55,53977
2021-11-23,22.5,23.65,22.2,23.65,55120
2021-11-24,24.25,24.85,24.05,24.85,35369
2021-11-25,26.1,26.1,25.55,26.1,58805
2021-11-26,26.2,27.4,26.05,27.35,144014
2021-11-29,27.75,28.35,26.0,26.0,90241
2021-11-30,25.55,27.3,25.0,26.55,63585
2021-12-01,27.2,27.85,26.15,27.6,54625
2021-12-02,28.45,28.95,27.85,28.95,111417
2021-12-03,30.0,30.4,29.6,30.4,53606
2021-12-06,31.45,31.55,28.85,29.05,120540
2021-12-07,29.65,30.55,28.25,30.55,88523
2021-12-08,31.65,32.05,31.1,32.05,70619
2021-12-09,33.55,33.65,31.65,33.65,116418
2021-12-10,35.0,35.35,34.95,35.35,28970
2021-12-13,36.65,37.1,36.1,37.05,235377
2021-12-14,37.65,37.65,35.2,35.2,52806
2021-12-15,33.4,35.0,33.4,33.45,174835
2021-12-16,35.0,35.1,31.75,31.85,129677
2021-12-17,33.0,33.4,32.0,33.4,84662
2021-12-20,33.75,33.75,31.75,31.75,102543
2021-12-21,31.9,33.35,31.65,32.75,47532
2021-12-22,33.75,34.1,31.75,32.1,52197
2021-12-23,32.75,33.75,31.75,33.75,65750
2021-12-24,34.75,35.4,33.65,35.4,100142
2021-12-27,36.55,37.2,35.75,37.2,108674
2021-12-28,38.65,38.75,35.65,36.05,109108
2021-12-29,35.1,37.1,34.25,34.25,70340
2021-12-30,35.4,36.0,34.75,35.75,108381
2021-12-31,35.55,36.0,34.6,35.6,58585
2022-01-03,36.65,36.75,35.2,36.4,60131
2022-01-04,36.85,38.2,35.75,38.2,112169
2022-01-05,39.05,40.1,38.85,40.1,69126
2022-01-06,41.75,42.1,40.25,42.1,94906
2022-01-07,44.2,44.2,43.65,44.2,46948
2022-01-10,46.45,46.45,44.3,46.45,105862
2022-01-11,48.75,48.75,44.1,44.1,231221
2022-01-12,44.25,46.2,41.95,45.15,262026
2022-01-13,46.2,46.2,43.45,45.75,85178
2022-01-14,46.25,48.05,45.2,48.05,69787
2022-01-17,50.45,50.45,50.45,50.45,42853
2022-01-18,52.95,52.95,50.2,51.25,291422
2022-01-19,52.1,52.1,48.7,50.05,163983
2022-01-20,51.65,52.55,51.1,52.2,117430
2022-01-21,52.2,52.2,49.75,50.1,61475
2022-01-24,50.75,51.55,47.55,47.75,99554
2022-01-25,47.75,50.2,45.45,50.2,117934
2022-01-27,51.55,52.65,50.35,52.65,100983
2022-01-28,53.85,55.3,53.55,55.3,49763
2022-01-31,58.05,58.05,53.35,55.05,220607
2022-02-01,55.55,56.25,52.3,52.3,186033
2022-02-02,52.05,54.95,51.35,54.95,85138
2022-02-03,56.1,56.2,52.85,53.35,75317
2022-02-04,54.45,54.45,51.85,53.75,38053
2022-02-07,55.6,55.6,51.55,52.3,101700
2022-02-08,52.2,53.35,49.65,50.25,167136
2022-02-09,51.85,52.75,50.65,51.1,135077
2022-02-10,51.45,51.45,48.85,49.4,50003
2022-02-11,48.85,51.65,47.25,50.95,73905
2022-02-14,49.0,51.0,48.4,48.55,97385
2022-02-15,48.55,50.0,46.75,47.6,41702
2022-02-16,48.55,49.95,48.45,49.8,66763
2022-02-17,50.55,50.85,48.55,48.85,44085
2022-02-18,47.55,49.4,47.55,48.05,26789
2022-02-21,46.75,47.15,45.65,45.65,103234
2022-02-22,43.4,44.35,43.4,43.4,96221
2022-02-23,43.55,44.35,42.4,43.35,74371
2022-02-24,41.4,42.15,41.2,41.2,50278
2022-02-25,41.65,43.25,41.65,43.25,26048
2022-02-28,43.35,45.4,41.85,45.4,45807
2022-03-02,45.55,47.55,43.35,44.15,90166
2022-03-03,45.55,46.35,44.65,46.35,74098
2022-03-04,46.1,47.8,44.75,46.75,95941
2022-03-07,45.0,45.4,44.4,44.8,58019
2022-03-08,44.85,46.3,43.7,45.6,27840
2022-03-09,46.45,47.85,46.0,47.75,59441
2022-03-10,48.55,50.1,47.0,48.85,96530
2022-03-11,48.35,51.0,48.35,50.55,56293
2022-03-14,51.0,52.2,50.65,51.4,130165
2022-03-15,52.45,52.55,49.55,50.05,76375
2022-03-16,51.1,52.2,50.15,51.15,43127
2022-03-17,52.2,52.45,49.75,50.85,82413
2022-03-21,51.65,51.85,49.05,49.95,44174
2022-03-22,49.0,51.65,48.6,48.95,55901
2022-03-23,49.05,50.0,48.0,48.4,62624
2022-03-24,48.0,50.85,47.75,50.85,99626
2022-03-25,51.4,53.4,50.2,53.4,89922
2022-03-28,54.45,56.05,52.2,55.95,203461
2022-03-29,57.75,58.75,56.45,58.75,77498
2022-03-30,61.75,61.75,60.55,61.75,59455
2022-03-31,61.65,64.75,58.85,61.75,281046
2022-04-01,62.85,63.65,59.1,60.35,89689
2022-04-04,60.55,62.0,59.35,60.45,65757
2022-04-05,61.1,61.1,59.6,60.1,40403
2022-04-06,59.1,60.55,59.1,59.75,25413
2022-04-07,60.3,61.1,58.35,58.85,48644
2022-04-08,58.85,61.0,58.65,58.95,46082
2022-04-11,59.75,59.95,58.45,58.75,42686
2022-04-12,58.65,61.75,57.0,60.6,112777
2022-04-13,60.55,61.65,57.55,58.95,74523
2022-04-18,59.95,59.95,56.75,57.25,73080
2022-04-19,59.35,60.1,56.85,57.65,87306
2022-04-20,57.2,58.75,56.55,57.05,60651
2022-04-21,58.05,58.35,57.05,57.3,30424
2022-04-22,57.55,59.55,57.2,58.7,63167
2022-04-25,58.85,61.55,57.65,60.95,94027
2022-04-26,62.2,63.0,59.45,60.55,92455
2022-04-27,62.1,62.1,57.95,59.2,43131
2022-04-28,60.1,60.3,58.25,58.65,29189
2022-04-29,59.25,59.35,58.45,58.75,22295
2022-05-02,59.0,59.4,57.2,57.65,55614
2022-05-04,54.8,56.1,54.75,54.75,77401
2022-05-05,53.35,54.25,52.05,52.05,57076
2022-05-06,49.65,51.45,49.45,49.6,151704
2022-05-09,47.45,48.95,47.1,47.15,97070
2022-05-10,46.0,46.55,44.8,44.8,97077
2022-05-11,44.2,46.65,42.55,45.2,118899
2022-05-12,45.55,47.2,45.45,47.2,94331
2022-05-13,48.65,49.55,47.85,49.55,46383
2022-05-16,51.1,52.05,50.05,52.05,67741
2022-05-17,53.65,54.65,50.1,53.65,117736
2022-05-18,53.35,54.4,51.1,51.85,97600
2022-05-19,49.85,51.1,49.25,49.45,55588
2022-05-20,49.85,51.75,49.85,50.25,43671
2022-05-23,51.55,52.65,50.25,51.25,72730
2022-05-24,52.2,52.2,48.75,49.2,59037
2022-05-25,50.45,50.45,46.75,46.95,42467
2022-05-26,47.65,47.65,45.2,46.8,40917
2022-05-27,47.65,48.55,45.75,48.1,26597
2022-05-30,48.45,50.2,48.45,49.6,28252
2022-05-31,50.45,51.4,48.85,50.6,43900
2022-06-01,50.75,51.85,49.6,49.95,75162
2022-06-02,50.75,52.45,49.65,52.15,101889
2022-06-03,53.45,53.45,51.55,51.75,43837
2022-06-06,50.95,52.15,50.55,51.45,53442
2022-06-07,52.1,52.1,49.75,50.3,62567
2022-06-08,51.0,58.75,50.1,57.45,468509
2022-06-09,58.65,64.95,58.35,62.05,780362
2022-06-10,61.75,68.25,56.85,66.6,635022
2022-06-13,66.3,71.55,61.15,62.4,1017712
2022-06-14,63.85,71.0,63.65,69.25,874138
2022-06-15,72.65,78.65,70.65,77.95,1440751
2022-06-16,80.45,83.2,71.4,74.8,1207013
2022-06-17,75.45,81.1,72.45,80.0,804116
2022-06-20,83.0,86.65,73.95,77.45,709970
2022-06-21,79.1,82.75,72.2,79.55,569467
2022-06-22,79.45,82.15,77.9,79.15,328627
2022-06-23,79.4,81.45,75.55,76.35,275971
2022-06-24,77.45,78.3,72.45,73.0,235210
2022-06-27,74.55,75.55,69.15,69.6,329058
2022-06-28,69.8,74.45,68.4,73.85,419016
2022-06-29,73.65,77.15,72.45,73.65,304816
2022-06-30,73.55,75.4,72.35,73.15,114012
2022-07-01,73.25,74.2,70.65,71.9,106743
2022-07-04,72.0,76.6,72.0,76.05,237330
2022-07-05,77.15,78.65,73.4,74.95,169830
2022-07-06,77.45,87.0,76.95,85.6,1197453
2022-07-07,88.0,89.85,85.2,86.55,656537
2022-07-08,86.55,87.35,82.55,83.6,264675
2022-07-11,80.65,83.55,78.15,78.85,261260
2022-07-12,80.05,85.95,79.45,83.25,512124
2022-07-13,84.1,84.3,79.15,79.65,257316
2022-07-14,80.4,82.95,77.8,80.0,305582
2022-07-15,80.75,81.05,77.25,78.25,186403
2022-07-18,79.45,84.45,79.35,83.55,468940
2022-07-19,83.15,83.5,80.65,81.25,173007
2022-07-20,82.0,84.8,81.25,81.95,174269
2022-07-21,82.05,82.85,79.8,80.55,139372
2022-07-22,80.8,81.65,78.45,78.95,133809
2022-07-25,79.3,81.15,78.2,79.6,135619
2022-07-26,79.65,82.65,78.15,78.6,143485
2022-07-27,78.95,80.0,75.85,76.8,126175
2022-07-28,78.3,78.3,74.45,75.2,128582
2022-07-29,76.1,78.05,75.65,76.45,118122
2022-08-01,77.0,78.75,75.65,76.85,129915
2022-08-02,77.15,77.85,76.2,76.75,78322
2022-08-03,76.15,77.2,73.8,74.75,88367
2022-08-04,75.15,76.25,72.85,73.75,90833
2022-08-05,74.15,75.85,73.3,74.35,81031
2022-08-08,74.45,80.35,74.45,78.85,280242
2022-08-10,79.8,82.0,77.85,81.45,282113
2022-08-11,82.0,82.0,79.45,80.45,219116
2022-08-12,80.65,81.8,79.85,80.75,168480
2022-08-16,91.15,93.0,87.55,89.6,710731
2022-08-17,87.85,89.95,85.0,85.6,287339
2022-08-18,87.15,95.55,84.8,94.15,746875
2022-08-19,95.6,99.8,94.55,97.05,606092
2022-08-22,97.0,97.0,90.85,91.65,210483
2022-08-23,91.15,93.55,90.2,92.25,146234
2022-08-24,92.3,94.05,90.35,90.7,143339
2022-08-25,91.85,99.85,89.5,98.55,703698
2022-08-26,100.85,100.85,92.8,96.8,261668
2022-08-29,92.45,104.35,90.0,102.2,560997
2022-08-30,104.2,106.15,101.15,102.15,283095
2022-09-01,103.2,104.45,101.25,102.3,139599
2022-09-02,102.8,103.75,98.55,99.25,109305
2022-09-05,100.65,104.15,96.8,101.95,212170
2022-09-06,102.35,103.1,99.0,100.4,107135
2022-09-07,100.0,102.75,99.25,101.2,88403
2022-09-08,102.65,106.65,101.4,104.8,316945
2022-09-09,105.85,106.85,100.6,101.35,190284
2022-09-12,102.85,103.15,99.15,100.0,116690
2022-09-13,100.45,102.0,97.85,99.85,131281
2022-09-14,97.85,99.85,89.15,97.15,184106
2022-09-15,100.85,102.65,98.85,100.15,154773
2022-09-16,100.4,100.4,97.2,98.55,96771
2022-09-19,98.75,98.95,95.85,96.25,61333
2022-09-20,97.35,99.0,94.65,95.65,64791
2022-09-21,96.05,97.55,94.55,95.2,50024
2022-09-22,97.25,99.8,96.55,98.95,136621
2022-09-23,99.55,100.45,97.95,98.6,86731
2022-09-26,98.6,98.8,92.85,93.9,101250
2022-09-27,94.0,95.8,93.0,94.25,46911
2022-09-28,93.85,99.15,93.85,97.25,111678
2022-09-29,98.85,100.35,95.55,96.25,64611
2022-09-30,95.8,96.85,95.0,95.8,35721
2022-10-03,95.55,97.05,93.85,94.45,41952
2022-10-04,96.0,98.2,94.65,95.65,52989
2022-10-06,97.15,99.8,96.0,98.95,65117
2022-10-07,98.65,103.85,97.8,101.6,129110
2022-10-10,100.85,100.85,98.45,99.35,59216
2022-10-11,98.8,100.3,95.8,96.3,74716
2022-10-12,96.35,97.0,93.55,94.95,69763
2022-10-13,95.45,96.45,93.55,94.55,42739
2022-10-14,96.05,98.8,95.35,95.7,99216
2022-10-17,96.35,96.65,94.25,94.75,57096
2022-10-18,95.85,101.15,94.8,100.15,237525
2022-10-19,103.2,103.75,96.85,98.6,240658
2022-10-20,98.65,98.85,94.85,96.15,81306
2022-10-21,96.55,97.4,94.45,94.65,70416
2022-10-24,96.55,96.55,93.85,94.65,27788
2022-10-25,95.6,96.0,83.35,85.3,418187
2022-10-27,82.2,87.2,82.2,84.55,156258
2022-10-28,85.55,86.35,82.35,83.2,88441
2022-10-31,84.0,84.75,76.65,79.25,291151
2022-11-01,80.0,81.65,77.05,79.75,185828
2022-11-02,80.65,82.05,80.15,81.2,86707
2022-11-03,80.85,81.0,79.0,79.6,49792
2022-11-04,79.75,80.05,76.95,78.25,91560
2022-11-07,78.35,83.8,78.15,82.2,117315
2022-11-09,83.45,93.65,82.8,92.7,440980
2022-11-10,92.95,94.95,89.65,93.35,182817
2022-11-11,94.4,94.4,90.45,91.05,91934
2022-11-14,91.05,92.45,88.45,91.65,90091
2022-11-15,91.8,95.35,91.2,92.4,97767
2022-11-16,93.55,94.35,91.55,92.65,70624
2022-11-17,93.35,93.35,90.7,91.3,44389
2022-11-18,91.2,92.15,90.15,90.95,41228
2022-11-21,91.65,97.2,91.15,95.35,168747
2022-11-22,96.15,96.45,92.9,93.25,46957
2022-11-23,93.55,96.85,92.8,94.6,77769
2022-11-24,94.95,101.95,93.95,100.05,442771
2022-11-25,100.8,103.0,100.0,100.75,197119
2022-11-28,101.35,102.55,99.8,100.6,80810
2022-11-29,101.05,101.55,100.0,100.55,57351
2022-11-30,101.65,106.45,101.65,105.85,380467
2022-12-01,108.35,108.35,102.2,102.95,312102
2022-12-02,102.85,103.15,100.7,101.35,102863
2022-12-05,101.9,103.2,100.6,100.95,77222
2022-12-06,100.2,101.95,98.35,99.55,93864
2022-12-07,100.2,105.6,98.8,104.05,177412
2022-12-08,104.0,104.35,101.45,102.05,51151
2022-12-09,102.45,102.45,99.45,99.85,61822
2022-12-12,99.85,102.2,98.8,100.6,48001
2022-12-13,102.2,102.85,101.15,102.2,46543
2022-12-14,102.8,102.85,100.4,100.65,36518
2022-12-15,100.85,103.15,100.6,102.25,98526
2022-12-16,102.45,104.0,101.3,103.0,128973
2022-12-19,103.05,106.95,103.05,104.65,167732
2022-12-20,105.25,105.45,101.8,102.75,63473
2022-12-21,103.35,104.6,97.2,97.75,126631
2022-12-22,99.45,100.2,92.8,93.6,122094
2022-12-23,91.15,92.2,87.2,87.95,90253
2022-12-26,88.35,94.65,83.55,94.15,130806
2022-12-27,94.8,97.65,94.65,96.95,63697
2022-12-28,97.15,98.55,95.8,97.25,39134
2022-12-29,97.15,97.45,95.05,95.55,36128
2022-12-30,96.45,98.25,95.85,97.15,28931
2023-01-02,97.8,101.0,97.55,100.35,41743
2023-01-03,100.45,102.0,100.0,100.6,33544
2023-01-04,100.85,101.55,98.85,99.65,34912
2023-01-05,100.2,103.15,99.25,101.4,72032
2023-01-06,101.65,102.6,100.0,100.85,56856
2023-01-09,101.35,102.05,99.65,100.25,32900
2023-01-10,100.35,101.0,99.45,99.85,24151
2023-01-11,100.3,100.65,97.25,97.85,33900
2023-01-12,98.25,98.65,94.35,95.4,77947
2023-01-13,95.75,96.55,95.0,95.35,42082
2023-01-16,97.45,97.45,95.0,96.15,92696
2023-01-17,96.45,99.8,87.8,98.15,176353
2023-01-18,102.2,105.35,100.45,101.45,333275
2023-01-19,101.55,101.55,97.8,98.95,86830
2023-01-20,99.95,100.25,95.6,96.15,48873
2023-01-23,96.15,96.35,93.55,94.0,48090
2023-01-24,93.6,101.7,92.75,100.15,139832
2023-01-25,100.0,102.65,100.0,100.25,84940
2023-01-27,100.8,100.8,93.35,94.15,113512
2023-01-30,94.2,100.75,92.25,94.85,149240
2023-01-31,96.65,106.45,95.55,105.35,555039
2023-02-01,106.0,110.65,98.9,100.1,631992
2023-02-02,99.95,106.65,98.7,105.85,288259
2023-02-03,106.45,108.15,101.15,103.05,238223
2023-02-06,103.15,110.2,102.25,108.8,535330
2023-02-07,110.55,113.35,108.65,109.05,770195
2023-02-08,109.95,110.65,105.15,109.45,269437
2023-02-09,108.85,110.5,107.75,108.95,127449
2023-02-10,108.8,109.85,105.55,105.85,166153
2023-02-13,106.65,106.85,100.45,101.5,239763
2023-02-14,102.05,104.0,93.15,95.55,237645
2023-02-15,95.85,100.85,93.85,99.3,232197
2023-02-16,99.3,101.65,99.2,101.0,126312
2023-02-17,100.0,101.75,98.75,100.2,93094
2023-02-20,100.65,100.7,96.45,96.95,91452
2023-02-21,97.8,98.85,96.05,96.7,75523
2023-02-22,96.15,98.65,94.5,95.2,124924
2023-02-23,95.6,97.65,94.0,95.55,86582
2023-02-24,95.95,98.3,94.65,97.7,96007
2023-02-27,98.2,98.45,94.5,95.85,72537
2023-02-28,96.35,96.85,95.15,96.25,63939
2023-03-01,95.55,98.2,95.45,95.8,82507
2023-03-02,94.65,98.2,94.65,97.55,64944
2023-03-03,98.85,99.25,96.7,97.6,110328
2023-03-06,98.85,99.65,95.55,96.2,107105
2023-03-08,96.0,102.85,95.75,101.8,412947
2023-03-09,102.3,103.65,100.45,101.2,142649
2023-03-10,101.05,103.45,100.0,100.65,201752
2023-03-13,100.85,100.85,96.0,96.8,137093
2023-03-14,97.2,98.85,94.45,95.05,93047
2023-03-15,95.55,100.55,95.55,98.6,214372
2023-03-16,99.2,99.2,96.45,96.85,79903
2023-03-17,97.55,98.95,95.85,96.85,64730
2023-03-20,95.95,98.7,94.85,95.95,137181
2023-03-21,95.95,97.05,95.3,96.5,79298
2023-03-22,96.95,99.1,96.45,97.05,169968
2023-03-23,97.2,98.85,96.0,96.3,151693
2023-03-24,96.3,97.95,94.85,95.45,211165
2023-03-27,95.75,95.85,90.65,91.6,148782
2023-03-28,91.65,92.6,86.65,87.55,207921
2023-03-29,86.85,95.05,86.8,92.8,293151
2023-03-31,94.75,97.15,91.85,92.8,231095
2023-04-03,93.55,96.3,92.95,94.85,129244
2023-04-05,95.15,98.8,95.15,97.35,228495
2023-04-06,96.65,98.65,96.45,97.3,100268
2023-04-10,97.95,98.65,96.5,96.95,90380
2023-04-11,96.95,98.2,95.6,97.25,125431
2023-04-12,97.35,101.95,97.35,98.85,239955
2023-04-13,99.35,103.1,98.9,100.05,155821
2023-04-17,100.05,104.65,98.95,103.35,209452
2023-04-18,104.45,107.15,103.35,106.35,296415
2023-04-19,106.6,111.0,106.55,109.7,434767
2023-04-20,109.65,111.15,107.35,110.85,373631
2023-04-21,111.15,114.55,109.15,110.75,478647
2023-04-24,111.0,112.4,106.45,107.55,280865
2023-04-25,107.65,110.8,106.85,108.05,181121
2023-04-26,108.9,110.4,108.05,108.8,220646
2023-04-27,109.15,114.2,109.15,113.05,400261
2023-04-28,113.95,113.95,109.35,112.45,314800
2023-05-02,113.1,113.95,110.0,110.65,147629
2023-05-03,110.0,110.5,107.15,107.65,127063
2023-05-04,107.15,110.55,107.05,110.05,176330
2023-05-05,109.95,113.15,108.25,109.05,246184
2023-05-08,109.2,110.85,108.15,108.65,81600
2023-05-09,108.65,109.95,104.2,105.25,228855
2023-05-10,105.15,107.65,104.65,106.35,65199
2023-05-11,108.2,110.15,106.8,107.2,135564
2023-05-12,107.2,109.75,107.15,108.15,75568
2023-05-15,108.55,109.05,107.05,108.45,66904
2023-05-16,108.8,118.85,108.3,117.85,1122983
2023-05-17,119.55,123.2,118.45,121.65,923129
2023-05-18,122.3,123.55,115.6,117.0,381605
2023-05-19,117.85,120.85,113.8,118.55,345763
2023-05-22,119.05,122.65,116.2,117.55,314198
2023-05-23,117.55,121.1,116.8,120.4,183073
2023-05-24,120.0,120.8,116.65,116.85,163441
2023-05-25,117.15,118.35,114.6,115.35,170107
2023-05-26,115.35,119.55,108.9,109.65,1166330
2023-05-29,110.85,111.85,107.8,108.05,278945
2023-05-30,108.45,112.55,108.05,111.75,249789
2023-05-31,111.95,113.05,108.55,109.4,151372
2023-06-01,110.65,111.6,109.6,109.85,91768
2023-06-02,110.25,112.35,110.15,111.95,132376
2023-06-05,112.0,115.2,111.25,114.2,137085
2023-06-06,114.45,117.95,114.4,117.65,204659
2023-06-07,117.7,121.05,117.7,119.85,263868
2023-06-08,120.2,126.25,118.55,119.25,452626
2023-06-09,119.8,127.8,119.8,125.45,456200
2023-06-12,126.65,150.55,126.65,149.25,2615365
2023-06-13,151.15,151.95,142.45,143.65,1440553
2023-06-14,143.35,157.35,141.55,149.25,1208922
2023-06-15,149.55,151.4,145.65,148.35,327562
2023-06-16,148.65,150.65,145.8,146.9,125008
2023-06-19,147.15,148.6,142.35,143.45,146326
2023-06-20,143.35,165.85,142.2,162.45,1348635
2023-06-21,162.45,175.55,162.45,172.6,1088309
2023-06-22,173.25,182.85,171.6,176.4,1219864
2023-06-23,174.45,174.45,165.55,168.6,448495
2023-06-26,169.0,182.2,167.0,180.55,623811
2023-06-27,186.75,188.6,181.35,185.0,390327
2023-06-28,184.45,185.5,179.4,181.55,290468
2023-06-30,182.0,185.15,179.8,181.15,148978
2023-07-03,181.8,199.25,181.8,194.0,803609
2023-07-04,193.35,194.85,188.85,189.8,211280
2023-07-05,189.55,198.8,187.15,196.65,465871
2023-07-06,197.1,199.65,191.1,191.8,265448
2023-07-07,191.15,193.15,185.55,189.35,150078
2023-07-10,189.15,190.15,180.85,185.5,187951
2023-07-11,186.85,198.8,186.85,193.05,439647
2023-07-12,194.8,202.45,191.8,192.6,370212
2023-07-13,193.65,196.6,188.2,189.1,145018
2023-07-14,190.15,192.65,186.2,187.55,121729
2023-07-17,185.65,194.35,185.15,188.05,145980
2023-07-18,189.35,190.0,182.75,184.65,94589
2023-07-19,184.65,187.95,183.35,184.4,52838
2023-07-20,184.35,186.2,180.85,181.8,93188
2023-07-21,180.85,187.25,180.25,183.15,75789
2023-07-24,183.15,191.55,183.15,187.0,151658
2023-07-25,187.45,192.95,182.7,185.85,126402
2023-07-26,188.6,190.65,185.3,186.95,57203
2023-07-27,188.45,188.45,182.95,184.85,76881
2023-07-28,185.15,187.25,181.25,183.2,77089
2023-07-31,183.85,186.65,183.35,184.35,71010
2023-08-01,183.35,186.0,180.0,183.2,60518
2023-08-02,183.35,187.8,165.8,177.25,262612
2023-08-03,177.8,184.35,177.8,183.25,100116
2023-08-04,190.0,192.2,183.25,186.35,177437
2023-08-07,186.55,190.6,183.55,184.35,62823
2023-08-08,183.55,185.8,176.85,177.95,111442
2023-08-09,179.35,182.2,179.35,180.4,46375
2023-08-10,180.2,185.95,179.45,180.4,76216
2023-08-11,181.35,188.85,171.35,184.85,434544
2023-08-14,186.0,188.85,183.8,186.35,154967
2023-08-16,186.35,194.45,186.0,193.85,391512
2023-08-17,196.45,197.35,190.85,191.85,261040
2023-08-18,192.25,194.35,184.85,188.75,162785
2023-08-21,187.55,195.35,179.9,193.05,251600
2023-08-22,195.55,196.65,191.0,193.85,117207
2023-08-23,194.65,195.35,190.0,191.35,76502
2023-08-24,193.15,194.2,191.45,192.55,51827
2023-08-25,194.45,207.75,193.8,205.15,891752
2023-08-28,208.0,213.35,206.65,209.4,326691
2023-08-29,210.45,210.45,196.65,201.95,340295
2023-08-30,203.35,205.55,199.65,200.9,132753
2023-08-31,201.15,203.35,197.9,198.65,97516
2023-09-01,197.8,198.35,188.85,194.05,250980
2023-09-04,196.6,199.75,193.2,195.9,148986
2023-09-05,199.1,199.8,190.0,190.45,152373
2023-09-06,191.8,192.55,188.85,189.65,66922
2023-09-07,188.85,192.2,185.15,187.25,138424
2023-09-08,188.2,192.2,187.55,190.8,71529
2023-09-11,191.15,193.85,188.6,189.05,95249
2023-09-12,188.85,190.6,170.2,175.45,559482
2023-09-13,176.65,183.25,172.2,181.7,175660
2023-09-14,185.55,190.35,183.65,188.65,160963
2023-09-15,189.8,192.0,184.8,190.5,125968
2023-09-18,191.15,195.75,184.8,186.5,208156
2023-09-20,186.45,187.6,177.55,180.05,177483
2023-09-21,179.8,184.1,177.8,181.0,61592
2023-09-22,181.35,185.9,175.55,182.8,165707
2023-09-25,186.45,186.45,180.5,182.85,53014
2023-09-26,183.45,184.8,181.45,182.45,59254
2023-09-27,182.75,184.45,181.45,182.85,49772
2023-09-28,182.85,185.65,179.45,183.05,69285
2023-09-29,184.2,185.35,182.2,182.85,43839
2023-10-03,186.45,188.85,183.85,188.2,124270
2023-10-04,188.9,198.85,188.9,195.95,354016
2023-10-05,197.95,199.8,192.85,197.0,127901
2023-10-06,200.2,204.2,198.85,200.6,224961
2023-10-09,202.2,206.45,197.75,201.2,379380
2023-10-10,208.0,208.85,200.65,202.5,450852
2023-10-11,204.45,205.55,193.8,196.75,280720
2023-10-12,195.55,197.6,191.45,192.1,244215
2023-10-13,192.45,197.35,189.4,195.55,169274
2023-10-16,195.95,197.15,191.35,193.0,132449
2023-10-17,193.35,196.85,191.45,191.8,83417
2023-10-18,191.8,193.45,191.15,192.45,56627
2023-10-19,192.2,192.85,187.55,188.4,93509
2023-10-20,188.65,190.65,183.55,184.25,108214
2023-10-23,187.8,187.8,176.35,177.6,175304
2023-10-25,182.2,185.35,176.25,180.65,167022
2023-10-26,180.0,182.85,172.65,180.05,140476
2023-10-27,181.35,187.55,180.45,182.4,87610
2023-10-30,183.25,187.65,180.6,182.55,115927
2023-10-31,182.75,185.05,180.45,182.15,78254
2023-11-01,180.85,185.25,180.0,182.45,73836
2023-11-02,185.55,185.55,182.45,183.7,42436
2023-11-03,189.1,196.65,187.05,192.65,372198
2023-11-06,195.25,196.65,191.9,193.8,110980
2023-11-07,195.35,197.05,191.45,193.45,122118
2023-11-08,194.85,196.65,193.35,194.15,72595
2023-11-09,194.45,213.6,194.45,213.6,778533
2023-11-10,220.8,234.95,217.8,234.95,1285651
2023-11-12,242.2,247.35,233.15,241.7,381562
2023-11-13,237.75,239.75,230.45,232.85,389700
2023-11-15,236.2,239.45,229.05,231.45,204417
2023-11-16,233.15,254.6,232.45,254.6,412745
2023-11-17,259.8,267.8,248.95,251.65,782701
2023-11-20,252.85,276.8,249.75,269.5,813455
2023-11-21,275.4,276.85,264.45,269.15,262641
2023-11-22,274.0,278.95,263.55,265.95,284364
2023-11-23,271.15,271.85,265.55,267.35,138622
2023-11-24,268.45,280.75,268.45,270.0,318754
2023-11-28,280.45,280.45,267.15,269.55,200803
2023-11-29,272.45,272.8,258.2,261.65,224889
2023-11-30,263.8,263.8,252.25,256.7,176088
2023-12-01,259.85,265.25,255.55,256.15,96556
2023-12-04,268.45,268.45,258.0,263.7,210887
2023-12-05,265.55,272.05,258.2,264.6,210083
2023-12-06,266.65,268.75,256.65,258.25,149015
2023-12-07,258.45,260.7,252.25,256.0,137919
2023-12-08,258.4,260.0,249.6,254.95,154628
2023-12-11,257.0,280.4,256.65,280.4,589302
2023-12-12,283.15,308.45,283.15,306.7,1157614
2023-12-13,310.65,314.2,295.35,300.2,431316
2023-12-14,300.25,307.8,291.55,294.4,207719
2023-12-15,300.2,305.5,290.0,294.0,198571
2023-12-18,295.55,312.2,288.85,306.15,355162
2023-12-19,294.45,303.25,291.35,297.4,308159
2023-12-20,301.15,301.15,281.15,283.85,278273
2023-12-21,276.65,297.8,271.15,291.75,404816
2023-12-22,297.8,302.2,289.35,298.35,448798
2023-12-26,304.0,304.0,294.55,295.8,196437
2023-12-27,292.25,292.25,277.8,284.35,718042
2023-12-28,308.65,308.65,294.45,296.55,1011676
2023-12-29,304.45,326.15,300.2,326.15,1425543
2024-01-01,330.05,330.6,315.8,317.4,766532
2024-01-02,322.25,323.15,310.0,312.65,387056
2024-01-03,313.8,313.85,304.9,311.0,196964
2024-01-04,318.0,319.15,311.15,311.85,223875
2024-01-05,314.85,323.6,311.35,316.35,411130
2024-01-08,323.95,324.0,310.0,313.0,275918
2024-01-09,317.75,319.8,312.35,318.75,159525
2024-01-10,319.8,328.35,314.45,325.0,329629
2024-01-11,326.65,343.0,326.65,332.6,330112
2024-01-12,341.85,342.2,332.2,335.15,368117
2024-01-15,337.8,337.8,324.65,327.0,191092
2024-01-16,328.55,330.2,311.35,316.1,261824
2024-01-17,315.8,318.85,311.35,316.55,158627
2024-01-18,316.4,319.8,303.45,312.6,155932
2024-01-19,314.45,318.85,309.2,316.6,142500
2024-01-20,322.0,322.05,317.35,318.95,144857
2024-01-23,338.85,341.15,320.75,327.3,444165
2024-01-24,333.35,338.45,324.25,332.75,238305
2024-01-25,335.35,343.75,332.65,336.75,256889
2024-01-29,340.85,370.4,340.85,358.85,416820
2024-01-30,362.85,372.75,355.95,367.9,218909
2024-01-31,375.2,404.65,373.35,404.65,478832
2024-02-01,425.55,445.15,407.75,442.05,863993
2024-02-02,462.85,464.15,461.1,464.15,64979
2024-02-05,487.35,487.35,478.0,487.35,69354
2024-02-06,511.7,511.7,471.35,511.7,648417
2024-02-07,533.35,537.25,500.25,504.6,527981
2024-02-08,505.55,508.65,479.35,479.35,452302
2024-02-09,468.85,489.55,455.4,470.75,624981
2024-02-12,488.85,491.1,447.25,447.25,297825
2024-02-13,428.85,433.35,424.9,424.9,274564
2024-02-14,404.85,446.15,403.65,446.15,553265
2024-02-15,468.45,468.45,468.45,468.45,14020
2024-02-16,491.85,491.85,491.85,491.85,18301
2024-02-19,516.45,516.45,516.45,516.45,29525
2024-02-20,526.65,542.25,511.75,519.95,819427
2024-02-21,540.0,545.95,533.35,545.95,135546
2024-02-22,559.65,573.2,557.05,573.2,504399
2024-02-23,601.85,601.85,590.0,601.85,105374
2024-02-26,630.0,630.0,571.75,591.8,1055286
2024-02-27,608.35,616.0,576.6,581.5,395130
2024-02-28,560.35,569.95,552.45,552.45,369306
2024-02-29,530.65,580.05,524.8,580.05,1103432
2024-03-01,588.35,609.05,560.0,580.25,941523
2024-03-02,586.35,593.35,580.65,587.0,87531
2024-03-04,610.0,615.6,574.0,578.6,960130
2024-03-05,583.0,583.0,549.65,550.2,542796
2024-03-06,563.35,568.95,541.65,565.35,553805
2024-03-07,575.0,584.95,560.0,575.25,306873
2024-03-11,604.0,604.0,565.35,572.9,423484
2024-03-12,584.6,591.65,544.25,544.25,329204
2024-03-13,517.05,538.65,517.05,517.05,360982
2024-03-14,491.2,504.95,491.2,496.35,632049
2024-03-15,494.35,514.65,474.35,484.25,835214
2024-03-18,500.0,508.45,493.95,508.45,210800
2024-03-19,522.35,532.8,504.35,516.85,527204
2024-03-20,526.35,526.35,493.35,496.0,325008
2024-03-21,506.65,520.8,498.65,520.8,259526
2024-03-22,516.65,538.65,505.0,512.05,472443
2024-03-26,513.0,516.5,501.65,504.7,205097
2024-03-27,504.75,517.0,504.75,510.7,197102
2024-03-28,511.65,526.65,502.1,507.65,258488
2024-04-01,517.0,533.05,517.0,533.05,155140
2024-04-02,559.7,559.7,545.0,559.7,453204
2024-04-03,573.15,573.15,552.0,556.15,397930
2024-04-04,573.0,573.0,546.95,554.35,257223
2024-04-05,553.35,561.75,538.0,551.6,290073
2024-04-08,549.95,579.15,549.9,579.15,472171
2024-04-09,581.65,608.1,568.35,587.4,805030
2024-04-10,588.8,597.35,573.35,579.0,310966
2024-04-12,580.0,606.0,570.35,591.8,620447
2024-04-15,567.0,578.35,562.25,562.55,811501
2024-04-16,559.35,580.3,557.05,563.35,498589
2024-04-18,572.95,591.55,571.65,589.0,984820
2024-04-19,579.65,591.2,564.0,578.4,596847
2024-04-22,599.85,607.35,590.35,607.35,351149
2024-04-23,628.0,637.7,621.65,637.7,202716
2024-04-24,669.6,669.6,650.0,669.6,1066048
2024-04-25,693.35,703.05,676.65,703.05,534744
2024-04-26,667.9,667.9,667.9,667.9,120459
2024-04-29,634.55,634.55,634.55,634.55,63777
2024-04-30,602.8,602.8,602.8,602.8,127769
2024-05-02,600.0,632.95,600.0,613.6,1839671
2024-05-03,627.65,628.15,600.65,623.35,667719
2024-05-06,651.35,654.5,633.55,654.5,1102173
2024-05-07,671.65,687.2,667.6,687.2,1053257
2024-05-08,697.0,698.0,652.85,652.85,947567
2024-05-09,646.0,661.4,620.25,620.25,574597
2024-05-10,616.85,625.75,593.35,617.45,459409
2024-05-13,603.65,616.45,586.55,596.55,613216
2024-05-14,600.0,626.4,600.0,626.4,277568
2024-05-15,645.0,657.7,639.0,657.7,438824
2024-05-16,674.65,684.95,635.05,647.95,599312
2024-05-17,651.65,664.95,636.65,640.2,297112
2024-05-18,650.0,650.0,617.65,642.2,98436
2024-05-21,646.65,655.65,631.65,640.5,381061
2024-05-22,650.5,651.85,623.35,628.2,313532
2024-05-23,640.0,658.25,628.35,631.7,472462
2024-05-24,636.35,647.65,617.0,621.05,270385
2024-05-27,616.35,628.95,601.75,610.0,285759
2024-05-28,610.0,617.65,590.65,595.25,320537
2024-05-29,593.55,616.65,585.0,598.0,371792
2024-05-30,602.65,604.75,585.1,587.45,306194
2024-05-31,591.35,616.35,566.05,607.45,408582
2024-06-03,637.65,637.85,607.45,615.95,323142
2024-06-04,613.65,613.65,585.15,585.15,279761
2024-06-05,558.4,570.0,555.9,560.85,476640
2024-06-06,584.65,588.85,572.05,588.75,539873
2024-06-07,581.65,616.65,580.0,609.45,315234
2024-06-10,610.35,621.0,595.65,599.55,231332
2024-06-11,608.35,615.95,596.65,606.0,179818
2024-06-12,607.0,629.95,607.0,626.75,312455
2024-06-13,630.65,631.65,613.4,616.45,194068
2024-06-14,620.0,623.35,606.65,611.65,161296
2024-06-18,613.15,620.65,604.35,607.05,227346
2024-06-19,613.0,615.0,593.35,598.05,136785
2024-06-20,598.05,604.45,591.65,592.95,124353
2024-06-21,594.25,603.35,586.05,588.55,161981
2024-06-24,583.65,592.75,580.65,582.95,121419
2024-06-25,586.65,591.65,577.3,581.35,130690
2024-06-26,583.35,592.45,577.2,578.55,125631
2024-06-27,578.55,588.0,571.65,573.0,149358
2024-06-28,584.35,601.6,577.3,601.6,281131
2024-07-01,610.0,616.35,588.0,594.25,291429
2024-07-02,610.0,610.0,583.7,587.8,214510
2024-07-03,605.0,606.6,590.6,599.75,258038
2024-07-04,601.65,603.35,593.35,595.15,137763
2024-07-05,599.95,603.35,589.65,594.35,164108
2024-07-08,612.35,621.6,605.65,612.05,430512
2024-07-09,633.0,633.0,617.65,626.7,270644
2024-07-10,626.65,628.65,607.0,619.95,197214
2024-07-11,624.65,628.35,619.2,620.4,146453
2024-07-12,622.35,625.15,613.35,617.05,134433
2024-07-15,627.35,647.95,625.35,647.95,492326
2024-07-16,680.35,680.35,660.4,679.55,1041727
2024-07-18,679.75,713.55,670.55,713.55,1498178
2024-07-19,720.0,720.0,677.85,677.85,619455
2024-07-22,653.35,659.85,644.0,644.0,1372041
2024-07-23,646.65,658.0,611.8,621.1,986507
2024-07-24,624.0,652.15,620.65,625.85,489690
2024-07-25,619.35,622.65,606.65,613.95,176269
2024-07-26,644.65,644.65,630.0,643.8,393696
2024-07-29,639.35,646.45,619.35,626.65,291871
2024-07-30,626.5,646.0,615.35,630.5,228178
2024-07-31,630.5,640.0,615.75,619.15,186784
2024-08-01,626.6,650.1,616.0,646.05,419720
2024-08-02,633.35,678.0,633.25,673.4,738693
2024-08-05,640.0,680.65,639.75,650.45,555186
2024-08-06,650.45,666.0,617.95,619.45,321888
2024-08-07,625.35,646.15,624.0,643.95,130358
2024-08-08,644.0,676.15,630.0,676.15,736082
2024-08-09,703.35,709.95,696.0,709.95,827913
2024-08-12,716.65,745.35,674.65,732.55,728701
2024-08-13,729.95,729.95,695.95,695.95,468049
2024-08-14,673.35,686.65,661.15,668.15,582708
2024-08-16,668.15,682.65,664.0,667.45,390411
2024-08-19,693.35,695.35,666.65,670.25,346310
2024-08-20,679.8,679.8,649.35,652.7,341981
2024-08-21,619.95,633.35,619.95,625.15,1365265
2024-08-22,626.65,633.35,623.35,625.55,272270
2024-08-23,625.55,632.65,615.55,617.95,270883
2024-08-26,623.35,625.9,600.0,605.8,419992
2024-08-27,611.35,616.65,601.0,605.35,342216
2024-08-28,610.65,610.8,593.35,595.85,384976
2024-08-29,599.9,601.95,574.65,576.35,672201
2024-08-30,582.15,605.15,582.15,604.35,498899
2024-09-02,609.95,612.75,586.65,591.05,343078
2024-09-03,590.0,601.35,582.65,592.15,429441
2024-09-04,592.55,603.35,580.75,598.55,398095
2024-09-05,604.0,604.0,590.0,590.6,246828
2024-09-06,598.0,599.95,580.0,581.65,187902
2024-09-09,576.65,581.7,552.6,552.6,471033
2024-09-10,552.6,566.65,538.45,560.55,483265
2024-09-11,560.0,560.55,542.65,543.5,525067
2024-09-12,550.15,552.95,538.65,540.2,574832
2024-09-13,546.35,567.2,529.65,545.85,410752
2024-09-16,553.35,565.35,543.35,545.15,259416
2024-09-17,554.4,558.3,543.35,545.05,222812
2024-09-18,546.65,549.35,537.35,541.65,305226
2024-09-19,535.65,549.35,523.35,529.25,326961
2024-09-20,541.35,541.35,509.75,521.85,1309241
2024-09-23,533.35,547.35,526.65,543.05,299248
2024-09-24,570.15,570.15,570.15,570.15,133614
2024-09-25,598.65,598.65,584.35,598.65,691195
2024-09-26,601.65,604.85,574.15,598.65,478910
2024-09-27,599.8,599.8,573.35,576.7,406253
2024-09-30,579.85,586.0,570.65,575.9,178104
2024-10-01,578.9,584.65,568.7,570.45,115828
2024-10-03,556.75,566.65,546.65,553.3,274043
2024-10-04,553.3,563.2,534.0,537.75,332973
2024-10-07,546.0,553.35,510.85,514.2,647897
2024-10-08,512.0,539.9,494.65,538.35,431050
2024-10-09,540.0,563.3,540.0,552.95,249454
2024-10-10,562.65,562.65,534.6,536.35,259391
2024-10-11,536.65,545.35,526.65,533.0,127709
2024-10-14,533.35,545.35,530.0,532.05,168227
2024-10-15,537.9,543.95,530.0,535.0,185978
2024-10-16,532.0,561.35,530.0,559.2,426535
2024-10-17,563.85,563.85,535.35,550.15,172657
2024-10-18,553.35,553.35,535.35,546.25,198269
2024-10-21,536.0,553.2,530.0,533.4,198675
2024-10-22,531.35,533.35,509.85,517.05,435369
2024-10-23,526.0,531.35,504.1,524.35,195730
2024-10-24,525.15,530.0,514.0,522.6,160510
2024-10-25,522.65,526.65,496.45,504.7,479801
2024-10-28,494.0,513.65,494.0,499.95,295023
2024-10-29,500.0,505.1,481.35,483.45,344514
2024-10-30,481.35,507.65,481.35,494.25,627480
2024-10-31,499.95,518.95,494.7,518.7,504817
2024-11-01,526.65,544.6,519.8,540.25,245068
2024-11-04,547.3,563.35,520.0,554.4,584973
2024-11-05,551.55,566.65,548.05,563.35,661676
2024-11-06,579.95,579.95,536.1,548.25,1651316
2024-11-07,558.65,558.65,520.9,530.45,742098
2024-11-08,530.45,545.15,515.35,527.75,465548
2024-11-11,527.0,527.0,501.35,502.45,773528
2024-11-12,513.95,527.55,503.45,519.85,550432
2024-11-13,522.65,523.2,497.0,498.45,386005
2024-11-14,496.7,509.95,496.65,500.65,262039
2024-11-18,509.95,524.0,500.0,517.8,386973
2024-11-19,522.3,526.65,505.35,506.8,424379
2024-11-21,511.2,511.35,498.0,501.4,310226
2024-11-22,500.0,504.55,480.5,487.65,505085
2024-11-25,493.25,512.0,483.35,507.95,853650
2024-11-26,511.6,512.6,501.05,503.9,232851
2024-11-27,505.25,514.65,503.05,511.65,655497
2024-11-28,512.0,536.65,511.4,528.35,728727
2024-11-29,530.0,530.0,519.05,525.0,206878
2024-12-02,533.35,538.0,514.35,519.35,355881
2024-12-03,538.6,545.3,530.05,545.3,684479
2024-12-04,560.0,565.55,546.65,556.1,718868
2024-12-05,555.35,559.25,544.7,546.75,309340
2024-12-06,547.35,551.65,544.05,546.35,276407
2024-12-09,546.35,559.85,543.35,545.0,289854
2024-12-10,545.35,548.55,537.35,538.75,236598
2024-12-11,539.85,555.45,539.35,542.85,355063
2024-12-12,544.85,545.35,531.05,533.15,297056
2024-12-13,533.25,535.95,521.05,528.45,262373
2024-12-16,530.45,553.35,521.7,541.75,431966
2024-12-17,543.35,543.35,528.6,530.45,344406
2024-12-18,530.0,532.25,516.65,520.15,263927
2024-12-19,511.15,520.0,506.65,509.4,359605
2024-12-20,530.65,534.85,518.85,534.7,1581939
2024-12-23,546.0,548.55,529.05,530.85,434236
2024-12-24,535.15,535.2,519.65,523.65,344918
2024-12-26,529.6,536.6,523.65,529.75,311383
2024-12-27,530.15,540.35,530.15,532.85,339482
2024-12-30,543.95,559.2,532.0,536.75,844095
2024-12-31,536.75,547.25,530.0,543.45,383130
2025-01-01,546.65,555.25,544.75,552.7,327429
2025-01-02,559.95,576.55,556.65,571.85,1076590
2025-01-03,579.0,588.8,545.2,547.7,1138144
2025-01-06,546.0,551.95,520.35,521.3,607216
2025-01-07,513.95,519.9,500.05,504.85,661256
2025-01-08,510.0,514.0,489.0,491.4,607240
2025-01-09,496.0,498.55,481.2,483.1,473214
2025-01-10,483.0,484.65,458.95,458.95,1051753
2025-01-13,437.05,448.0,436.0,436.0,1349271
2025-01-14,422.0,434.0,414.2,418.6,3339424
2025-01-15,424.05,439.5,416.35,428.65,1706554
2025-01-16,436.95,443.95,422.1,426.65,936388
2025-01-17,429.95,432.0,417.1,418.5,497383
2025-01-20,420.0,426.85,415.0,419.85,778251
2025-01-21,421.85,427.95,409.0,410.05,512490
2025-01-22,410.05,410.9,389.55,389.55,771824
2025-01-23,370.1,389.0,370.1,370.1,3038522
2025-01-24,357.0,367.2,351.6,351.6,1802127
2025-01-27,336.55,344.7,334.05,334.05,1305109
2025-01-28,325.1,329.0,317.35,317.35,2938131
2025-01-29,319.9,333.2,313.4,333.2,679113
2025-01-30,349.85,349.85,349.85,349.85,43012
2025-01-31,367.3,367.3,367.3,367.3,38860
2025-02-01,362.7,385.65,357.7,385.65,1087079
2025-02-03,397.0,404.9,397.0,404.9,329847
2025-02-04,425.1,425.1,404.9,410.25,2849621
2025-02-05,415.0,430.75,400.1,430.75,733541
2025-02-06,432.1,452.25,418.1,452.25,1506793
2025-02-07,474.85,474.85,474.85,474.85,119304
2025-02-10,485.0,485.0,451.1,451.1,2624414
2025-02-11,437.0,455.45,428.55,428.55,613358
2025-02-12,413.15,423.4,407.15,407.2,1714640
2025-02-13,407.0,427.55,407.0,427.55,391476
2025-02-14,434.4,447.0,408.0,415.5,1540132
2025-02-17,412.9,417.0,394.75,395.7,924350
2025-02-18,395.0,397.45,375.75,375.75,715989
2025-02-19,364.75,394.5,361.2,394.5,1094392
2025-02-20,396.3,414.2,391.5,414.2,859879
2025-02-21,414.0,425.0,395.0,403.45,1167414
2025-02-24,397.0,408.2,384.35,399.15,1173169
2025-02-25,403.95,406.0,393.1,397.65,567829
2025-02-27,410.0,416.0,390.5,393.25,893030
2025-02-28,391.9,391.9,374.1,378.25,874280
2025-03-03,382.8,386.45,359.35,376.05,1407669
2025-03-04,364.15,394.85,364.15,382.9,1491576
2025-03-05,384.95,402.0,384.9,395.55,1481671
2025-03-06,403.75,407.95,390.0,391.65,913366
2025-03-07,391.65,411.2,390.9,405.35,1419242
2025-03-10,407.0,410.0,385.1,386.15,732844
2025-03-11,382.0,384.5,370.25,382.5,586029
2025-03-12,383.55,389.0,376.05,382.2,450472
2025-03-13,382.2,386.65,376.0,377.75,711563
2025-03-17,381.5,394.8,377.1,378.55,646419
2025-03-18,385.0,386.4,380.0,383.0,670553
2025-03-19,386.0,402.15,385.05,399.55,1381712
2025-03-20,404.0,416.5,396.1,414.95,1178169
2025-03-21,416.2,435.65,414.3,428.95,1368280
2025-03-24,433.0,447.6,430.0,438.75,902704
2025-03-25,440.0,444.4,423.0,425.0,828827
2025-03-26,419.0,430.95,406.0,407.8,860824
2025-03-27,404.0,421.0,403.2,417.15,1221615
2025-03-28,422.0,424.2,405.75,408.5,862907
2025-04-01,404.9,417.95,402.7,412.0,469589
2025-04-02,416.0,426.6,402.0,420.75,580097
2025-04-03,413.0,441.75,409.05,430.15,1451294
2025-04-04,429.0,431.5,408.65,408.8,806196
2025-04-07,367.95,389.7,367.95,385.15,1200751
2025-04-08,406.85,407.0,387.95,399.85,560763
2025-04-09,395.0,396.95,384.0,388.4,401573
2025-04-11,419.8,419.8,398.0,410.15,687814
2025-04-15,417.0,429.0,413.05,420.75,657265
2025-04-16,414.0,429.0,414.0,421.8,477471
2025-04-17,421.35,429.95,419.0,427.2,614306
2025-04-21,430.0,435.0,426.45,432.75,463566
2025-04-22,435.0,443.8,427.25,436.25,661446
2025-04-23,438.0,444.8,420.0,433.1,614380
2025-04-24,431.0,438.8,420.3,421.8,559611
2025-04-25,422.1,422.7,395.15,402.25,866430
2025-04-28,401.0,405.0,395.55,398.55,509142
2025-04-29,402.0,409.95,394.7,396.25,336457
2025-04-30,396.95,399.0,380.0,381.45,734056
2025-05-02,385.0,391.0,376.65,380.9,475810
2025-05-05,384.0,402.0,379.05,397.1,717148
2025-05-06,397.1,399.7,375.0,378.1,559610
2025-05-07,363.0,376.0,360.7,362.65,1417171
2025-05-08,363.95,370.95,356.0,359.25,934641
2025-05-09,336.0,352.0,336.0,348.35,916309
